<?xml version="1.0" encoding="UTF-8" ?>
<!DOCTYPE mapper PUBLIC "-//mybatis.org//DTD Mapper 3.0//EN" "http://mybatis.org/dtd/mybatis-3-mapper.dtd">
<mapper namespace="com.wlzq.service.base.sys.holiday.dao.BaseDatserDimDayDao">
    
	<sql id="datserDimDayColumns">
		a.id AS "id",
		a.day_id AS "dayId",
		a.date_order AS "dateOrder",
		a.calendar_date AS "calendarDate",
		a.day_of_month AS "dayOfMonth",
		a.month_id AS "monthId",
		a.month_name AS "monthName",
		a.month_name_cn AS "monthNameCn",
		a.year_month_id AS "yearMonthId",
		a.year_month_order AS "yearMonthOrder",
		a.year_month_name_cn AS "yearMonthNameCn",
		a.month_first_date AS "monthFirstDate",
		a.month_last_date AS "monthLastDate",
		a.quarter_id AS "quarterId",
		a.quarter_name AS "quarterName",
		a.quarter_name_cn AS "quarterNameCn",
		a.year_quarter_id AS "yearQuarterId",
		a.year_quarter_order AS "yearQuarterOrder",
		a.year_quarter_name AS "yearQuarterName",
		a.year_quarter_name_cn AS "yearQuarterNameCn",
		a.quarter_first_date AS "quarterFirstDate",
		a.quarter_last_date AS "quarterLastDate",
		a.year_id AS "yearId",
		a.year_order AS "yearOrder",
		a.year_name AS "yearName",
		a.year_name_cn AS "yearNameCn",
		a.year_first_date AS "yearFirstDate",
		a.year_last_date AS "yearLastDate",
		a.week AS "week",
		a.is_trade_day AS "isTradeDay",
		a.is_holiday AS "isHoliday"
	</sql>
	
	<sql id="datserDimDayJoins">
	</sql>
    
	<select id="get" resultType="BaseDatserDimDay">
		SELECT 
			<include refid="datserDimDayColumns"/>
		FROM datser_dim_day a
		<include refid="datserDimDayJoins"/>
		WHERE a.id = #{id}
	</select>
	
	<select id="findList" resultType="BaseDatserDimDay">
		SELECT 
			<include refid="datserDimDayColumns"/>
		FROM datser_dim_day a
		<include refid="datserDimDayJoins"/>
		<where>
			
			<if test="dayId != null and dayId != ''">
				AND a.day_id = #{dayId}
			</if>
			<if test="yearMonthId != null and yearMonthId != ''">
				AND a.year_month_id = #{yearMonthId}
			</if>
			<if test="quarterId != null and quarterId != ''">
				AND a.quarter_id = #{quarterId}
			</if>
			<if test="yearId != null and yearId != ''">
				AND a.year_id = #{yearId}
			</if>
		</where>
	</select>
	
	<select id="findAllList" resultType="BaseDatserDimDay">
		SELECT 
			<include refid="datserDimDayColumns"/>
		FROM datser_dim_day a
		<include refid="datserDimDayJoins"/>
		<where>
			
		</where>		
	</select>
	
	<select id="findListBtwDay" resultType="BaseDatserDimDay">
		SELECT 
			<include refid="datserDimDayColumns"/>
		FROM datser_dim_day a
		<include refid="datserDimDayJoins"/>
		<where>
			
			<if test="dayIdBegin != null">
				AND a.day_id <![CDATA[ >= ]]> #{dayIdBegin}
			</if>
			<if test="dayIdEnd != null">
				AND a.day_id <![CDATA[ <= ]]> #{dayIdEnd}
			</if>
			<if test="isTradeDay != null">
				AND a.is_trade_day = #{isTradeDay}
			</if>
		</where>
		order by a.day_id asc 
	</select>
	
	<insert id="insert"  useGeneratedKeys="true" keyColumn="ID" keyProperty="id">
		INSERT INTO datser_dim_day(
			id,
			day_id,
			date_order,
			calendar_date,
			day_of_month,
			month_id,
			month_name,
			month_name_cn,
			year_month_id,
			year_month_order,
			year_month_name_cn,
			month_first_date,
			month_last_date,
			quarter_id,
			quarter_name,
			quarter_name_cn,
			year_quarter_id,
			year_quarter_order,
			year_quarter_name,
			year_quarter_name_cn,
			quarter_first_date,
			quarter_last_date,
			year_id,
			year_order,
			year_name,
			year_name_cn,
			year_first_date,
			year_last_date,
			week,
			is_trade_day,
			is_holiday
		) VALUES (
			#{id},
			#{dayId},
			#{dateOrder},
			#{calendarDate},
			#{dayOfMonth},
			#{monthId},
			#{monthName},
			#{monthNameCn},
			#{yearMonthId},
			#{yearMonthOrder},
			#{yearMonthNameCn},
			#{monthFirstDate},
			#{monthLastDate},
			#{quarterId},
			#{quarterName},
			#{quarterNameCn},
			#{yearQuarterId},
			#{yearQuarterOrder},
			#{yearQuarterName},
			#{yearQuarterNameCn},
			#{quarterFirstDate},
			#{quarterLastDate},
			#{yearId},
			#{yearOrder},
			#{yearName},
			#{yearNameCn},
			#{yearFirstDate},
			#{yearLastDate},
			#{week},
			#{isTradeDay},
			#{isHoliday}
		)
	</insert>
	
	<update id="update">
		UPDATE datser_dim_day SET 	
			day_id = #{dayId},
			date_order = #{dateOrder},
			calendar_date = #{calendarDate},
			day_of_month = #{dayOfMonth},
			month_id = #{monthId},
			month_name = #{monthName},
			month_name_cn = #{monthNameCn},
			year_month_id = #{yearMonthId},
			year_month_order = #{yearMonthOrder},
			year_month_name_cn = #{yearMonthNameCn},
			month_first_date = #{monthFirstDate},
			month_last_date = #{monthLastDate},
			quarter_id = #{quarterId},
			quarter_name = #{quarterName},
			quarter_name_cn = #{quarterNameCn},
			year_quarter_id = #{yearQuarterId},
			year_quarter_order = #{yearQuarterOrder},
			year_quarter_name = #{yearQuarterName},
			year_quarter_name_cn = #{yearQuarterNameCn},
			quarter_first_date = #{quarterFirstDate},
			quarter_last_date = #{quarterLastDate},
			year_id = #{yearId},
			year_order = #{yearOrder},
			year_name = #{yearName},
			year_name_cn = #{yearNameCn},
			year_first_date = #{yearFirstDate},
			year_last_date = #{yearLastDate},
			week = #{week},
			is_trade_day = #{isTradeDay},
			is_holiday = #{isHoliday}
		WHERE id = #{id}
	</update>
	
	<update id="delete">
		DELETE FROM datser_dim_day
		WHERE id = #{id}
	</update>
	
	<select id="getByDayId" resultType="BaseDatserDimDay">
		SELECT 
			<include refid="datserDimDayColumns"/>
		FROM datser_dim_day a
		<include refid="datserDimDayJoins"/>
		WHERE a.day_id = #{dayId}
		<if test="isTradeDay != null">
			AND a.is_trade_day = #{isTradeDay}
		</if>
	</select>
	
	<select id="getLastTradeDays" resultType="BaseDatserDimDay">
		SELECT 
			<include refid="datserDimDayColumns"/>
		FROM datser_dim_day a
		<include refid="datserDimDayJoins"/>
		WHERE a.is_trade_day = 1
		AND a.day_id <![CDATA[ < ]]> #{dayId}
		ORDER BY a.date_order DESC,a.id
	</select>
	
	<select id="getNextTradeDays" resultType="BaseDatserDimDay">
		SELECT 
			<include refid="datserDimDayColumns"/>
		FROM datser_dim_day a
		<include refid="datserDimDayJoins"/>
		WHERE a.is_trade_day = 1
		AND a.day_id <![CDATA[ > ]]> #{dayId}
		ORDER BY a.date_order ASC,a.id
	</select>
	
	<select id="getYearMonthId" resultType="Integer">
		SELECT a.year_month_id
		FROM datser_dim_day a
		WHERE a.year_month_order = #{yearMonthOrder}
		GROUP BY a.year_month_id
	</select>
	
	
	<select id="getNextTradeDay" resultType="BaseDatserDimDay">
		SELECT *
		FROM (
			SELECT 
				<include refid="datserDimDayColumns"/>
			FROM datser_dim_day a
			<include refid="datserDimDayJoins"/>
			WHERE a.is_trade_day = 1
			AND a.day_id <![CDATA[ > ]]> #{dayId}
			ORDER BY a.date_order ASC,a.id
		) b
		WHERE rownum = 1
	</select>

	<select id="getLastTradeDay" resultType="BaseDatserDimDay">
		SELECT *
		FROM (
			SELECT
			<include refid="datserDimDayColumns"/>
			FROM datser_dim_day a
			<include refid="datserDimDayJoins"/>
			WHERE a.is_trade_day = 1
			AND a.day_id <![CDATA[ < ]]> #{dayId}
			ORDER BY a.date_order DESC,a.id
		) b
		WHERE rownum = 1
	</select>
</mapper>