<?xml version="1.0" encoding="UTF-8" ?>
<!DOCTYPE mapper PUBLIC "-//mybatis.org//DTD Mapper 3.0//EN" "http://mybatis.org/dtd/mybatis-3-mapper.dtd">
<mapper namespace="com.wlzq.service.base.sys.holiday.dao.HolidayDao">
    
	<sql id="holidayColumns">
		a.id AS "id",
		a.name AS "name",
		a.date_from AS "dateFrom",
		a.date_to AS "dateTo",
		a.create_time AS "createTime",
		a.remark AS "remark"
	</sql>
	
	<sql id="holidayJoins">
	</sql>
    
	<select id="get" resultType="Holiday">
		SELECT 
			<include refid="holidayColumns"/>
		FROM base_holiday a
		<include refid="holidayJoins"/>
		WHERE a.id = #{id}
	</select>
	
	<select id="findByDate" resultType="Holiday">
		SELECT 
			<include refid="holidayColumns"/>
		FROM base_holiday a
		<include refid="holidayJoins"/>
		WHERE 
			a.date_to >= #{date} 
		and <![CDATA[ a.date_from <= #{date} ]]>
		and rownum = 1
	</select>	
	
	<select id="findList" resultType="Holiday">
		SELECT 
			<include refid="holidayColumns"/>
		FROM base_holiday a
		<include refid="holidayJoins"/>
		<where>
			
			<if test="name != null and name != ''">
				AND a.name LIKE 
					<if test="dbName == 'oracle'">'%'||#{name}||'%'</if>
					<if test="dbName == 'mssql'">'%'+#{name}+'%'</if>
					<if test="dbName == 'mysql'">concat('%',#{name},'%')</if>
			</if>
		</where>
		<choose>
			<when test="page !=null and page.orderBy != null and page.orderBy != ''">
				ORDER BY ${page.orderBy}
			</when>
			<otherwise>
			</otherwise>
		</choose>
	</select>
	
	<select id="findAllList" resultType="Holiday">
		SELECT 
			<include refid="holidayColumns"/>
		FROM base_holiday a
		<include refid="holidayJoins"/>
		<where>
			
		</where>		
		<choose>
			<when test="page !=null and page.orderBy != null and page.orderBy != ''">
				ORDER BY ${page.orderBy}
			</when>
			<otherwise>
			</otherwise>
		</choose>
	</select>
	
	<insert id="insert"  useGeneratedKeys="true" keyColumn="ID" keyProperty="id">
		INSERT INTO base_holiday(
			name,
			date_from,
			date_to,
			create_time,
			remark
		) VALUES (
			#{name},
			#{dateFrom},
			#{dateTo},
			#{createTime},
			#{remark}
		)
	</insert>
	
	<update id="update">
		UPDATE base_holiday SET 	
			name = #{name},
			date_from = #{dateFrom},
			date_to = #{dateTo},
			create_time = #{createTime},
			remark = #{remark}
		WHERE id = #{id}
	</update>
	
	<update id="delete">
		DELETE FROM base_holiday
		WHERE id = #{id}
	</update>
	
</mapper>