<?xml version="1.0" encoding="UTF-8" ?>
<!DOCTYPE mapper PUBLIC "-//mybatis.org//DTD Mapper 3.0//EN" "http://mybatis.org/dtd/mybatis-3-mapper.dtd">
<mapper namespace="com.wlzq.service.base.sys.basesensitiveword.dao.BaseSensitivewordDao">
    
	<sql id="baseSensitivewordColumns">
		a.id AS "id",
		a.content AS "content",
		a.status AS "status"
	</sql>
	
	<sql id="baseSensitivewordJoins">
	</sql>
    
	<select id="get" resultType="BaseSensitiveword">
		SELECT 
			<include refid="baseSensitivewordColumns"/>
		FROM base_sensitiveword a
		<include refid="baseSensitivewordJoins"/>
		WHERE a.id = #{id}
	</select>
	
	<select id="findList" resultType="BaseSensitiveword">
		SELECT 
			<include refid="baseSensitivewordColumns"/>
		FROM base_sensitiveword a
		<include refid="baseSensitivewordJoins"/>
		<where>
			
			<if test="content != null and content != ''">
				AND a.content = #{content}
			</if>
		</where>
		<choose>
			<when test="page !=null and page.orderBy != null and page.orderBy != ''">
				ORDER BY ${page.orderBy}
			</when>
			<otherwise>
			</otherwise>
		</choose>
	</select>
	
	<select id="findAllList" resultType="BaseSensitiveword">
		SELECT 
			<include refid="baseSensitivewordColumns"/>
		FROM base_sensitiveword a
		<include refid="baseSensitivewordJoins"/>
		<where>
			
		</where>		
		<choose>
			<when test="page !=null and page.orderBy != null and page.orderBy != ''">
				ORDER BY ${page.orderBy}
			</when>
			<otherwise>
			</otherwise>
		</choose>
	</select>
	
	<insert id="insert"  useGeneratedKeys="true" keyColumn="ID" keyProperty="id">
		INSERT INTO base_sensitiveword(
			content,
			status
		) VALUES (
			#{content},
			#{status}
		)
	</insert>
	
	<update id="update">
		UPDATE base_sensitiveword SET 	
			content = #{content},
			status = #{status}
		WHERE id = #{id}
	</update>
	
	<update id="delete">
		DELETE FROM base_sensitiveword
		WHERE id = #{id}
	</update>
	
</mapper>