<?xml version="1.0" encoding="UTF-8" ?>
<!DOCTYPE mapper PUBLIC "-//mybatis.org//DTD Mapper 3.0//EN" "http://mybatis.org/dtd/mybatis-3-mapper.dtd">
<mapper namespace="com.wlzq.service.base.sys.dao.application.AccApplicationDao">
    
	<sql id="accApplicationColumns">
		a.id AS "id",
		a.name AS "name",
		a.type AS "type",
		a.key AS "key",
		a.secret AS "secret",
		a.create_time AS "createTime",
		a.is_deleted AS "isDeleted"
	</sql>
	
	<sql id="accApplicationJoins">
	</sql>
    
	<select id="get" resultType="AccApplication">
		SELECT 
			<include refid="accApplicationColumns"/>
		FROM acc_application a
		<include refid="accApplicationJoins"/>
		WHERE a.id = #{id}
	</select>
	
	<select id="findByKey" resultType="java.lang.String">
		SELECT 
			a.secret AS "secret" 
		FROM acc_application a
		<include refid="accApplicationJoins"/>
		WHERE a.key = #{key}
	</select> 
	
	<select id="findList" resultType="AccApplication">
		SELECT 
			<include refid="accApplicationColumns"/>
		FROM acc_application a
		<include refid="accApplicationJoins"/>
		<where>
			
			<if test="name != null and name != ''">
				AND a.name LIKE 
					<if test="dbName == 'oracle'">'%'||#{name}||'%'</if>
					<if test="dbName == 'mssql'">'%'+#{name}+'%'</if>
					<if test="dbName == 'mysql'">concat('%',#{name},'%')</if>
			</if>
			<if test="key != null and key != ''">
				AND a.key = #{key}
			</if>
		</where>
		<choose>
			<when test="page !=null and page.orderBy != null and page.orderBy != ''">
				ORDER BY ${page.orderBy}
			</when>
			<otherwise>
			</otherwise>
		</choose>
	</select>
	
	<select id="findAllList" resultType="AccApplication">
		SELECT 
			<include refid="accApplicationColumns"/>
		FROM acc_application a
		<include refid="accApplicationJoins"/>
		<where>
			
		</where>		
		<choose>
			<when test="page !=null and page.orderBy != null and page.orderBy != ''">
				ORDER BY ${page.orderBy}
			</when>
			<otherwise>
			</otherwise>
		</choose>
	</select>
	
	<insert id="insert">
		INSERT INTO acc_application(
			id,
			name,
			type,
			key,
			secret,
			create_time,
			is_deleted
		) VALUES (
			#{id},
			#{name},
			#{type},
			#{key},
			#{secret},
			#{createTime},
			#{isDeleted}
		)
	</insert>
	
	<update id="update">
		UPDATE acc_application SET 	
			name = #{name},
			key = #{key},
			secret = #{secret},
			create_time = #{createTime}
		WHERE id = #{id}
	</update>
	
	<update id="delete">
		DELETE FROM acc_application
		WHERE id = #{id}
	</update>
	
</mapper>