<?xml version="1.0" encoding="UTF-8" ?>
<!DOCTYPE mapper PUBLIC "-//mybatis.org//DTD Mapper 3.0//EN" "http://mybatis.org/dtd/mybatis-3-mapper.dtd">
<mapper namespace="com.wlzq.service.base.sys.dao.ApiExternalRequestDao">
    
	<sql id="apiExternalRequestColumns">
		a.id AS "id",
		a.url AS "url",
		a.params AS "params",
		a.result AS "result",
		a.submit_time AS "submitTime",
		a.return_time AS "returnTime",
		a.create_time AS "createTime",
		a.spend AS "spend"
	</sql>
	
	<sql id="apiExternalRequestJoins">
	</sql>
    
	<select id="get" resultType="ApiExternalRequest">
		SELECT 
			<include refid="apiExternalRequestColumns"/>
		FROM api_external_request a
		<include refid="apiExternalRequestJoins"/>
		WHERE a.id = #{id}
	</select>
	
	<select id="findList" resultType="ApiExternalRequest">
		SELECT 
			<include refid="apiExternalRequestColumns"/>
		FROM api_external_request a
		<include refid="apiExternalRequestJoins"/>
		<where>
			
			<if test="url != null and url != ''">
				AND a.url = #{url}
			</if>
			<if test="params != null and params != ''">
				AND a.params = #{params}
			</if>
			<if test="result != null and result != ''">
				AND a.result = #{result}
			</if>
			<if test="submitTime != null and submitTime != ''">
				AND a.submit_time = #{submitTime}
			</if>
			<if test="returnTime != null and returnTime != ''">
				AND a.return_time = #{returnTime}
			</if>
			<if test="createTime != null and createTime != ''">
				AND a.create_time = #{createTime}
			</if>
		</where>
	</select>
	
	<select id="findAllList" resultType="ApiExternalRequest">
		SELECT 
			<include refid="apiExternalRequestColumns"/>
		FROM api_external_request a
		<include refid="apiExternalRequestJoins"/>
		<where>
			
		</where>
	</select>
	
	<insert id="insert"  useGeneratedKeys="true">
		INSERT INTO api_external_request(
			url,
			params,
			result,
			submit_time,
			return_time,
			create_time,
			spend
		) VALUES (
			#{url},
			#{params},
			#{result,jdbcType=VARCHAR},
			#{submitTime},
			#{returnTime},
			#{createTime},
			#{spend,jdbcType=INTEGER}
		)
	</insert>
	
	<update id="update">
		UPDATE api_external_request SET 	
			url = #{url},
			params = #{params},
			result = #{result},
			submit_time = #{submitTime},
			return_time = #{returnTime},
			create_time = #{createTime},
			spend = #{spend}
		WHERE id = #{id}
	</update>
	
	<update id="delete">
		DELETE FROM api_external_request
		WHERE id = #{id}
	</update>
	
</mapper>