<?xml version="1.0" encoding="UTF-8" ?>
<!DOCTYPE mapper PUBLIC "-//mybatis.org//DTD Mapper 3.0//EN" "http://mybatis.org/dtd/mybatis-3-mapper.dtd">
<mapper namespace="com.wlzq.service.base.sys.dao.application.ApplicationMethodDao">
    
	<sql id="applicationMethodColumns">
		a.id AS "id",
		a.key AS "key",
		a.method AS "method",
		a.ip AS "ip",
		a.create_time AS "createTime",
		a.is_deleted AS "isDeleted"
	</sql>
	
	<sql id="applicationMethodJoins">
	</sql>
    
	<select id="get" resultType="ApplicationMethod">
		SELECT 
			<include refid="applicationMethodColumns"/>
		FROM acc_application_method a
		<include refid="applicationMethodJoins"/>
		WHERE a.id = #{id}
	</select>
	
	<select id="findMethods" resultType="ApplicationMethod">
		SELECT 
			method as "method",
		    ip as "ip"
		FROM acc_application_method a
		<include refid="applicationMethodJoins"/>
		WHERE a.key = #{key}
	</select>
	
	<select id="findMethod" resultType="ApplicationMethod">
		SELECT 
			<include refid="applicationMethodColumns"/>
		FROM acc_application_method a
		<include refid="applicationMethodJoins"/>
		WHERE a.key = #{key}
		and a.method = #{method}
	</select>
	
	<select id="findMethodByName" resultType="ApplicationMethod">
		SELECT 
			<include refid="applicationMethodColumns"/>
		FROM acc_application_method a
		<include refid="applicationMethodJoins"/>
		WHERE 
		 a.method = #{method}
	</select>
	
	<select id="findList" resultType="ApplicationMethod">
		SELECT 
			<include refid="applicationMethodColumns"/>
		FROM acc_application_method a
		<include refid="applicationMethodJoins"/>
		<where>
			
			<if test="key != null and key != ''">
				AND a.key = #{key}
			</if>
			<if test="method != null and method != ''">
				AND a.method = #{method}
			</if>
		</where>
		<choose>
			<when test="page !=null and page.orderBy != null and page.orderBy != ''">
				ORDER BY ${page.orderBy}
			</when>
			<otherwise>
			</otherwise>
		</choose>
	</select>
	
	<select id="findAllList" resultType="ApplicationMethod">
		SELECT 
			<include refid="applicationMethodColumns"/>
		FROM acc_application_method a
		<include refid="applicationMethodJoins"/>
		<where>
			
		</where>		
		<choose>
			<when test="page !=null and page.orderBy != null and page.orderBy != ''">
				ORDER BY ${page.orderBy}
			</when>
			<otherwise>
			</otherwise>
		</choose>
	</select>
	
	<insert id="insert">
		INSERT INTO acc_application_method(
			id,
			key,
			method,
			is_deleted
		) VALUES (
			#{id},
			#{key},
			#{method},
			#{isDeleted}
		)
	</insert>
	
	<update id="update">
		UPDATE acc_application_method SET 	
			key = #{key},
			method = #{method},
			is_deleted = #{isDeleted}
		WHERE id = #{id}
	</update>
	
	<update id="delete">
		DELETE FROM acc_application_method
		WHERE id = #{id}
	</update>
	
</mapper>