<?xml version="1.0" encoding="UTF-8" ?>
<!DOCTYPE mapper PUBLIC "-//mybatis.org//DTD Mapper 3.0//EN" "http://mybatis.org/dtd/mybatis-3-mapper.dtd">
<mapper namespace="com.wlzq.service.base.sys.dao.CoopRequestRecordDao">
    
	<sql id="coopRequestRecordColumns">
		a.id AS "id",
		a.key AS "key",
		a.method AS "method",
		a.search_param AS "searchParam",
		a.url AS "url",
		a.ip AS "ip",
		a.type AS "type",
		a.params AS "params",
		a.status AS "status",
		a.status_message AS "statusMessage",
		a.create_time AS "createTime"
	</sql>
	
	<sql id="coopRequestRecordJoins">
	</sql>
    
	<select id="get" resultType="CoopRequestRecord">
		SELECT 
			<include refid="coopRequestRecordColumns"/>
		FROM cooperation_request_record a
		<include refid="coopRequestRecordJoins"/>
		WHERE a.id = #{id}
	</select>
	
	<select id="findList" resultType="CoopRequestRecord">
		SELECT 
			<include refid="coopRequestRecordColumns"/>
		FROM cooperation_request_record a
		<include refid="coopRequestRecordJoins"/>
		<where>
			
			<if test="key != null and key != ''">
				AND a.key = #{key}
			</if>
			<if test="method != null and method != ''">
				AND a.method = #{method}
			</if>
			<if test="searchParam != null and searchParam != ''">
				AND a.search_param = #{searchParam}
			</if>
		</where>
		<choose>
			<when test="page !=null and page.orderBy != null and page.orderBy != ''">
				ORDER BY ${page.orderBy}
			</when>
			<otherwise>
			</otherwise>
		</choose>
	</select>
	
	<select id="findAllList" resultType="CoopRequestRecord">
		SELECT 
			<include refid="coopRequestRecordColumns"/>
		FROM cooperation_request_record a
		<include refid="coopRequestRecordJoins"/>
		<where>
			
		</where>		
		<choose>
			<when test="page !=null and page.orderBy != null and page.orderBy != ''">
				ORDER BY ${page.orderBy}
			</when>
			<otherwise>
			</otherwise>
		</choose>
	</select>
	
	<insert id="insert">
		INSERT INTO cooperation_request_record(
			key,
			method,
			search_param,
			url,
			ip,
			type,
			params,
			status,
			status_message,
			create_time,
			spend,
			user_id
		) VALUES (
			#{key, jdbcType=VARCHAR},
			#{method, jdbcType=VARCHAR},
			#{searchParam, jdbcType=VARCHAR},
			#{url, jdbcType=VARCHAR},
			#{ip, jdbcType=VARCHAR},
			#{type},
			#{params, jdbcType=VARCHAR},
			#{status},
			#{statusMessage, jdbcType=VARCHAR},
			#{createTime},
			#{spend},
			#{userId, jdbcType=VARCHAR}
		)
	</insert>
	
	<update id="update">
		UPDATE cooperation_request_record SET 	
			key = #{key},
			method = #{method},
			search_param = #{searchParam},
			url = #{url},
			ip = #{ip},
			type = #{type},
			params = #{params},
			status = #{status},
			status_message = #{statusMessage},
			create_time = #{createTime}
		WHERE id = #{id}
	</update>
	
	<update id="delete">
		DELETE FROM cooperation_request_record
		WHERE id = #{id}
	</update>
	
</mapper>