<?xml version="1.0" encoding="UTF-8"?>
<!DOCTYPE mapper PUBLIC "-//mybatis.org//DTD Mapper 3.0//EN" "http://mybatis.org/dtd/mybatis-3-mapper.dtd" >
<mapper namespace="com.wlzq.service.base.sys.dao.DictionariesDao" >
  
  <!-- 查询的列  start  -->
  <sql id="base_columns" >
  		a.ZD_ID as zdId,
  		a.NAME as name,
  		a.CODE as code,
  		a.VALUE as value,
  		a.ORDY_BY as orderBy,
  		a.PARENT_ID as parentId,
  		a.DIC_LEVEL as dicLevel,
  		a.PARENT_CODE as parentCode
  </sql>
  
  <sql id="all_columns" >
   <include refid="base_columns" />
  </sql>
  <!-- 查询的列  end  -->
  
  <!-- 分页  start  -->
  <sql id = "page">
  	<if test="start != null and end != null and start >= 0 and end >= 0 ">
  		limit #{start},#{end}
  	</if>
  </sql>
  <!-- 分页  end  -->
  
  <!-- 查询条件 start -->
  <sql id="comm_where">
  	1=1
  		<if test="zdId != null and zdId != '' ">
	  		and a.ZD_ID = #{zdId}
	  	</if>
  		<if test="name != null and name != '' ">
	  		and a.NAME = #{name}
	  	</if>
  		<if test="code != null and code != '' ">
	  		and a.CODE = #{code}
	  	</if>
  		<if test="value != null and value != '' ">
	  		and a.VALUE = #{value}
	  	</if>
  		<if test="ordyBy != null and ordyBy != '' ">
	  		and a.ORDY_BY = #{ordyBy}
	  	</if>
  		<if test="parentId != null and parentId != '' ">
	  		and a.PARENT_ID = #{parentId}
	  	</if>
  		<if test="dicLevel != null and dicLevel != '' ">
	  		and a.DIC_LEVEL = #{dicLevel}
	  	</if>
  		<if test="parentCode != null and parentCode != '' ">
	  		and a.PARENT_CODE = #{parentCode}
	  	</if>
  </sql>
  <!-- 查询条件 end  -->
  
  <!-- 实体通用方法  start  -->
  <select id="find" resultType="Dictionaries" parameterType="java.lang.Integer" >
    select 
    <include refid="all_columns" />
    from SYS_DICTIONARIES a
    where a.id = #{id,jdbcType=INTEGER}
  </select>
  
   <select id="findByCode" resultType="Dictionaries" parameterType="java.lang.String" >
    select 
    <include refid="all_columns" />
    from SYS_DICTIONARIES a
    where a.code = #{code}
    <![CDATA[
    	and rownum < 2
    ]]>
  </select>
  
  <select id="findByIds" resultType="Dictionaries">
  	 select 
     <include refid="all_columns" />
     from SYS_DICTIONARIES a
     where a.id in 
     <foreach collection="array" index="index" item="item" open="(" separator="," close=")">
            #{item}
     </foreach>
  </select>
  
  
  <select id="query" resultType="Dictionaries" parameterType="java.util.Map" >
  	select 
  	<include refid="all_columns"></include>
  	from SYS_DICTIONARIES a
  	<where>
  		<include refid="comm_where"></include>
  		<include refid="page"></include>
  	</where>
  	
  </select>
  
  <select id="countAll" resultType="java.lang.Long">
  	select count(*) from SYS_DICTIONARIES
  </select>
  
  <select id="count" resultType="java.lang.Long">
  	select count(*) from SYS_DICTIONARIES a
  	<where>
  		<include refid="comm_where"></include>
  	</where>
  </select>
  
  <delete id="deleteById" parameterType="java.lang.Integer">
  	delete a from SYS_DICTIONARIES a where a.id = #{id}
  </delete>
  
  <delete id="delete" parameterType="java.util.Map">
  	delete a from SYS_DICTIONARIES a
  	<where>
  		<include refid="comm_where"></include>
  	</where>
  </delete>
  
  <!-- 实体通用方法  end  -->
  
  <!-- 修改 start -->
  <update id="update" parameterType="Dictionaries" >
  	update SYS_DICTIONARIES a 
  	<set>              
	  		<if test="name != null">
		  		a.NAME = #{name},
		  	</if>
	  		<if test="code != null">
		  		a.CODE = #{code},
		  	</if>
	  		<if test="value != null">
		  		a.VALUE = #{value},
		  	</if>
	  		<if test="ordyBy != null">
		  		a.ORDY_BY = #{ordyBy},
		  	</if>
	  		<if test="parentId != null">
		  		a.PARENT_ID = #{parentId},
		  	</if>
	  		<if test="dicLevel != null">
		  		a.DIC_LEVEL = #{dicLevel},
		  	</if>
	  		<if test="parentCode != null">
		  		a.PARENT_CODE = #{parentCode},
		  	</if>
    </set>
    where a.id = #{id}
  </update>
  <!-- 修改 end -->
  
  <!-- 新增 start -->
  <insert id="create" parameterType="Dictionaries" 
  			useGeneratedKeys="true" keyProperty="id" keyColumn="id">
  	INSERT INTO SYS_DICTIONARIES(
		  		NAME,
		  		CODE,
		  		VALUE,
		  		ORDY_BY,
		  		PARENT_ID,
		  		DIC_LEVEL,
		  		PARENT_CODE
		) VALUES (
		  		#{name},
		  		#{code},
		  		#{value},
		  		#{ordyBy},
		  		#{parentId},
		  		#{dicLevel},
		  		#{parentCode}
		)
	</insert>
   <!-- 新增 end -->
  
</mapper>
