<?xml version="1.0" encoding="UTF-8"?>
<!DOCTYPE mapper PUBLIC "-//mybatis.org//DTD Mapper 3.0//EN" "http://mybatis.org/dtd/mybatis-3-mapper.dtd" >
<mapper namespace="com.wlzq.service.base.serialnum.dao.SerialNumberDao" >
  
  <!-- 查询的列  start  -->
  <sql id="base_columns" >
  		a.id,
  		a.serial_number_key as serialNumberKey,
  		a.serial_number_tmpl as serialNumberTmpl,
  		a.last_generate_number as lastGenerateNumber,
  		a.last_generate_time as lastGenerateTime,
  		a.comments
  </sql>
  
  <sql id="all_columns" >
   <include refid="base_columns" />
  </sql>
  <!-- 查询的列  end  -->
  
  <!-- 分页  start  -->
  <sql id = "page">
  	<if test="start != null and end != null and start >= 0 and end >= 0 ">
  		limit #{start},#{end}
  	</if>
  </sql>
  <!-- 分页  end  -->
  
  <!-- 查询条件 start -->
  <sql id="comm_where">
  	1=1
  		<if test="id != null and id != '' ">
	  		and a.id = #{id}
	  	</if>
  		<if test="serialNumberKey != null and serialNumberKey != '' ">
	  		and a.serial_number_key = #{serialNumberKey}
	  	</if>
  		<if test="serialNumberTmpl != null and serialNumberTmpl != '' ">
	  		and a.serial_number_tmpl = #{serialNumberTmpl}
	  	</if>
  		<if test="lastGenerateNumber != null and lastGenerateNumber != '' ">
	  		and a.last_generate_number = #{lastGenerateNumber}
	  	</if>
  		<if test="lastGenerateTime != null and lastGenerateTime != '' ">
	  		and a.last_generate_time = #{lastGenerateTime}
	  	</if>
  		<if test="comments != null and comments != '' ">
	  		and a.comments = #{comments}
	  	</if>
  </sql>
  <!-- 查询条件 end  -->
  
  <!-- 实体通用方法  start  -->
  <select id="find" resultType="SerialNumber" parameterType="java.lang.Integer" >
    select 
    <include refid="all_columns" />
    from base_serial_number a
    where a.id = #{id,jdbcType=INTEGER}
  </select>
  
  <select id="findByIds" resultType="SerialNumber">
  	 select 
     <include refid="all_columns" />
     from base_serial_number a
     where a.id in 
     <foreach collection="array" index="index" item="item" open="(" separator="," close=")">
            #{item}
     </foreach>
  </select>
  
  
  <select id="query" resultType="SerialNumber" parameterType="java.util.Map" >
  	select 
  	<include refid="all_columns"></include>
  	from base_serial_number a
  	<where>
  		<include refid="comm_where"></include>
  		<include refid="page"></include>
  	</where>
  	
  </select>
  
  <select id="countAll" resultType="java.lang.Long">
  	select count(*) from base_serial_number
  </select>
  
  <select id="count" resultType="java.lang.Long">
  	select count(*) from base_serial_number a
  	<where>
  		<include refid="comm_where"></include>
  	</where>
  </select>
  
  <delete id="deleteById" parameterType="java.lang.Integer">
  	delete a from base_serial_number a where a.id = #{id}
  </delete>
  
  <delete id="delete" parameterType="java.util.Map">
  	delete a from base_serial_number a
  	<where>
  		<include refid="comm_where"></include>
  	</where>
  </delete>
  
  <!-- 实体通用方法  end  -->
  
  <!-- 修改 start -->
  <update id="update" parameterType="SerialNumber" >
  	update base_serial_number a 
  	<set>              
	  		<if test="serialNumberKey != null">
		  		a.serial_number_key = #{serialNumberKey},
		  	</if>
	  		<if test="serialNumberTmpl != null">
		  		a.serial_number_tmpl = #{serialNumberTmpl},
		  	</if>
	  		<if test="lastGenerateNumber != null">
		  		a.last_generate_number = #{lastGenerateNumber},
		  	</if>
	  		<if test="lastGenerateTime != null">
		  		a.last_generate_time = #{lastGenerateTime},
		  	</if>
	  		<if test="comments != null">
		  		a.comments = #{comments},
		  	</if>
    </set>
    where a.id = #{id}
  </update>
  <!-- 修改 end -->
  
  <!-- 新增 start -->
  <insert id="create" parameterType="SerialNumber" 
  			useGeneratedKeys="true" keyProperty="id" keyColumn="id">
  	INSERT INTO base_serial_number(
		  		serial_number_key,
		  		serial_number_tmpl,
		  		last_generate_number,
		  		last_generate_time,
		  		comments
		) VALUES (
		  		#{serialNumberKey},
		  		#{serialNumberTmpl},
		  		#{lastGenerateNumber},
		  		#{lastGenerateTime},
		  		#{comments}
		)
	</insert>
   <!-- 新增 end -->
  <select id="getRoleByKey" resultType="SerialNumber" >
    select 
    <include refid="all_columns" />
    from base_serial_number a
    where a.serial_number_key = #{serialNumberKey} and  rownum=1
  </select> 
</mapper>
