<?xml version="1.0" encoding="UTF-8" ?>
<!DOCTYPE mapper PUBLIC "-//mybatis.org//DTD Mapper 3.0//EN" "http://mybatis.org/dtd/mybatis-3-mapper.dtd">
<mapper namespace="com.wlzq.service.base.sys.dao.SysAppConfigDao">
    
	<sql id="sysAppConfigColumns">
		a.id AS "id",
		a.name AS "name",
		a.platform AS "platform",
		a.key AS "key",
		a.value AS "value",
		a.description AS "description"
	</sql>
	
	<sql id="sysAppConfigJoins">
	</sql>
    
	<select id="get" resultType="SysAppConfig">
		SELECT 
			<include refid="sysAppConfigColumns"/>
		FROM sys_app_config a
		<include refid="sysAppConfigJoins"/>
		WHERE a.id = #{id}
	</select>
	
	<select id="findList" resultType="SysAppConfig">
		SELECT 
			<include refid="sysAppConfigColumns"/>
		FROM sys_app_config a
		<include refid="sysAppConfigJoins"/>
		<where>
			
			<if test="name != null and name != ''">
				AND a.name LIKE 
					<if test="dbName == 'oracle'">'%'||#{name}||'%'</if>
					<if test="dbName == 'mssql'">'%'+#{name}+'%'</if>
					<if test="dbName == 'mysql'">concat('%',#{name},'%')</if>
			</if>
			<if test="platform != null and platform != ''">
				AND a.platform = #{platform}
			</if>
			<if test="key != null and key != ''">
				AND a.key = #{key}
			</if>
			<if test="value != null and value != ''">
				AND a.value = #{value}
			</if>
		</where>
		<!-- <choose>
			<when test="page !=null and page.orderBy != null and page.orderBy != ''">
				ORDER BY ${page.orderBy}
			</when>
			<otherwise>
			</otherwise>
		</choose> -->
	</select>
	
	<select id="findAllList" resultType="SysAppConfig">
		SELECT 
			<include refid="sysAppConfigColumns"/>
		FROM sys_app_config a
		<include refid="sysAppConfigJoins"/>
		<where>
			
		</where>		
		<choose>
			<when test="page !=null and page.orderBy != null and page.orderBy != ''">
				ORDER BY ${page.orderBy}
			</when>
			<otherwise>
			</otherwise>
		</choose>
	</select>
	
	<insert id="insert"  useGeneratedKeys="true" keyColumn="ID" keyProperty="id">
		INSERT INTO sys_app_config(
			id,
			name,
			platform,
			key,
			value,
			description
		) VALUES (
			#{id},
			#{name},
			#{platform},
			#{key},
			#{value},
			#{description}
		)
	</insert>
	
	<update id="update">
		UPDATE sys_app_config SET 	
			name = #{name},
			platform = #{platform},
			key = #{key},
			value = #{value},
			description = #{description}
		WHERE id = #{id}
	</update>
	
	<update id="delete">
		DELETE FROM sys_app_config
		WHERE id = #{id}
	</update>
	
	<select id="findAllPlatform" resultType="String">
		SELECT 
			distinct a.platform AS "platform"
		FROM sys_app_config a
	</select>
	
	<select id="getByKey" resultType="String">
		SELECT
			a.value AS "value"
		FROM sys_app_config a
		WHERE a.key = #{key}
	</select>
	
	
</mapper>