<?xml version="1.0" encoding="UTF-8" ?>
<!DOCTYPE mapper PUBLIC "-//mybatis.org//DTD Mapper 3.0//EN" "http://mybatis.org/dtd/mybatis-3-mapper.dtd">
<mapper namespace="com.wlzq.service.base.sys.dao.SysNDictDao">
    
	<sql id="sysNDictColumns">
		a.id AS "id",
		a.value AS "value",
		a.label AS "label",
		a.type AS "type",
		a.description AS "description",
		a.sort AS "sort",
		a.parent_id AS "parent.id",
		a.remarks AS "remark",
		a.del_flag AS "delFlag"
	</sql>
	
	<sql id="sysNDictJoins">
	</sql>
    
	<select id="get" resultType="SysNDict">
		SELECT 
			<include refid="sysNDictColumns"/>
		FROM sys_n_dict a
		<include refid="sysNDictJoins"/>
		<where>
			a.del_flag = 0 AND rownum = 1
			<if test="type != null and type != ''">
				AND a.type = #{type}
			</if>
			<if test="value != null and value != ''">
				AND a.value = #{value}
			</if>
		</where>
	</select>
	
	<select id="findList" resultType="SysNDict">
		SELECT 
			<include refid="sysNDictColumns"/>
		FROM sys_n_dict a
		<include refid="sysNDictJoins"/>
		<where>
			a.del_flag = 0
			<if test="type != null and type != ''">
				AND a.type = #{type}
			</if>
			<if test="value != null and value != ''">
				AND a.value = #{value}
			</if>
		</where>
	</select>
	
	<select id="findAllList" resultType="SysNDict">
		SELECT 
			<include refid="sysNDictColumns"/>
		FROM sys_n_dict a
		<include refid="sysNDictJoins"/>
		<where>
			a.del_flag = #{DEL_FLAG_NORMAL}
		</where>		
		<choose>
			<when test="page !=null and page.orderBy != null and page.orderBy != ''">
				ORDER BY ${page.orderBy}
			</when>
			<otherwise>
				ORDER BY a.update_date DESC
			</otherwise>
		</choose>
	</select>
	
	<insert id="insert"  useGeneratedKeys="true" keyColumn="ID" keyProperty="id">
		INSERT INTO sys_n_dict(
			id,
			value,
			label,
			type,
			description,
			sort,
			parent_id,
			create_by,
			create_date,
			update_by,
			update_date,
			remarks,
			del_flag
		) VALUES (
			#{id},
			#{value},
			#{label},
			#{type},
			#{description},
			#{sort},
			#{parent.id},
			#{createBy.id},
			#{createTime},
			#{updateBy.id},
			#{updateTime},
			#{remark},
			#{delFlag}
		)
	</insert>
	
	<update id="update">
		UPDATE sys_n_dict SET 	
			value = #{value},
			label = #{label},
			type = #{type},
			description = #{description},
			sort = #{sort},
			parent_id = #{parent.id},
			update_by = #{updateBy.id},
			update_date = #{updateTime},
			del_flag = #{delFlag},
			remarks = #{remark, jdbcType=VARCHAR}
		WHERE id = #{id}
	</update>
	
	<update id="delete">
		UPDATE sys_n_dict SET 
			del_flag = #{DEL_FLAG_DELETE}
		WHERE id = #{id}
	</update>
	
</mapper>