<?xml version="1.0" encoding="UTF-8" ?>
<!DOCTYPE mapper PUBLIC "-//mybatis.org//DTD Mapper 3.0//EN" "http://mybatis.org/dtd/mybatis-3-mapper.dtd">
<mapper namespace="com.wlzq.service.base.sys.dao.UserDao">
    <resultMap id="tokenUserResultMap" type="AccTokenUser">
	  <result property="loginExpireTime" column="loginExpireTime" jdbcType="TIMESTAMP"/>
    </resultMap>
    <resultMap id="customerResultMap" type="Customer">
	  <result property="loginExpireTime" column="loginExpireTime" jdbcType="TIMESTAMP"/>
    </resultMap>
    
	<select id="findByToken" resultMap="tokenUserResultMap">
		SELECT 
		  a.id AS "id",
	      a.user_id AS "userId",
	      a.nick_name AS "nickName",
	      a.user_name AS "userName",
	      a.mobile AS "mobile",
	      a.email AS "email",
	      a.portrait AS "portrait",
		  a.is_identified as "isIdentified",
		  a.identity_status as "identityStatus",
	      b.expire_time as "expireTime",
		  replace(lpad(a.id,6),' ','0') AS "shareCode",
		  a.is_staff AS "isStaff",
		  a.agreement_serial_no as "agreementSerialNo" ,
	      c.third_uid AS "thirdUid",
	      c.third_type AS "thirdType"
    FROM acc_access_token b left join acc_user a on b.user_id=a.user_id
    left join acc_user_third c on a.user_id=c.user_id 
<!--     去除类型限制 -->
    and b.type = c.third_type
    		WHERE b.token = #{token}
    		and b.expire_time >= #{expireTime}
    		and rownum = 1
	</select>
	
	<select id="findByMobile" resultMap="tokenUserResultMap">
		SELECT 
		  a.id AS "id",
	      a.user_id AS "userId",
	      a.nick_name AS "nickName",
	      a.user_name AS "userName",
	      a.mobile AS "mobile",
	      a.email AS "email",
	      a.portrait AS "portrait",
		  replace(lpad(a.id,6),' ','0') AS "shareCode",
		  a.is_staff AS "isStaff",
		  a.is_identified as "isIdentified",
		  a.identity_status as "identityStatus",
		  a.agreement_serial_no as "agreementSerialNo" 
    FROM acc_user a 
    		WHERE a.mobile = #{mobile}
    		 and (a.is_deleted != 1 or  a.is_deleted is null)
    		and rownum = 1
	</select>
	
	<select id="findCustomerByToken" resultMap="customerResultMap">
		SELECT 
			a.type AS "loginBizType",
			a.customer_id AS "customerId",
			a.fund_account AS "fundAccount",
			a.customer_id AS "client_no",
			a.fund_account AS "fund_account",
			a.token as "verifyId",
			a.sd_session_id AS "jsessionid",
			a.sd_user_id as "user_id",
		    a.crh_user_id AS "crhUserId",
		    a.crh_client AS "client",
			a.expire_time AS "loginExpireTime",
			
			b.user_name AS "userName",
			b.user_name AS "user_name",
			b.mobile AS "mobile",
			b.mobile AS "mobile_phone",
			b.identity_num AS "identity_num",
			b.identity_num AS "identityNum",
			b.gender AS "gender",
			b.branch_no AS "branchNo",
			b.risk_level AS "riskLevel",
			b.risk_level AS "risk_level",
			b.risk_level_txt AS "riskLevelTxt",
			b.risk_level_txt AS "risk_level_txt",
			b.user_type AS "userType",
			b.user_type AS "user_type",
			b.open_date AS "openDate",
			b.address AS  "address",
			b.instrepr_name AS  "instreprName",
			b.instrepr_id_no AS  "instreprIdNo",
		    b.bus_license AS "busLicense",
			b.id_end_date AS "idEndDate",
			b.id_begin_date AS "idBeginDate",
		    b.status AS "status"
		FROM acc_customer_access a 
			left join acc_customer b on a.customer_id = b.customer_id
		
		WHERE a.token = #{token}
		and a.expire_time >= #{expireTime}
		and rownum=1
	</select>


	<select id="findThirdUidBindValue" resultType="String">
		SELECT 
			b.value AS "value"
		FROM acc_user_third a 
		left join acc_user_bind b on a.third_uid = b.third_uid
		WHERE a.third_uid = #{thirdUid}
		and b.type = #{type}
		and rownum=1
		and b.status = 1
	</select>	
	
	<select id="findThirdUidByValue" resultType="String">
		SELECT 
			b.third_uid AS "thirdUid"
		FROM acc_user_third a 
		left join acc_user_bind b on a.third_uid = b.third_uid
		WHERE b.value = #{value}
		and b.type = #{type}
		and rownum=1
		and b.status = 1
	</select>	
	
	<select id="findCustomerByCustomerId" resultMap="customerResultMap">
		SELECT 
			b.customer_id AS "customerId",
			b.user_name AS "userName",
			b.user_name AS "user_name",
			b.mobile AS "mobile",
			b.mobile AS "mobile_phone",
			b.identity_num AS "identity_num",
			b.identity_num AS "identityNum",
			b.gender AS "gender",
			b.branch_no AS "branchNo",
			b.risk_level AS "riskLevel",
			b.risk_level AS "risk_level",
			b.risk_level_txt AS "riskLevelTxt",
			b.risk_level_txt AS "risk_level_txt",
			b.user_type AS "userType",
			b.user_type AS "user_type",
			b.open_date AS "openDate",
			b.address AS  "address",
			b.instrepr_name AS  "instreprName",
			b.instrepr_id_no AS  "instreprIdNo",
		    b.bus_license AS "busLicense"，
		    b.status AS "status"
		FROM
			 acc_customer b 
		
		WHERE b.customer_id = #{customerId}
		and rownum=1
	</select>
	
</mapper>